{"cameraMode":{"drawMode":0,"name":"Shaded","section":"Shading Mode"},"sceneLighting":true,"audioPlay":false,"sceneViewState":{"showFog":true,"showMaterialUpdate":false,"showSkybox":true,"showFlares":true,"showImageEffects":true,"showParticleSystems":true},"in2DMode":false,"pivot":{"x":-0.003878660500049591,"y":-3.163027286529541,"z":2.618478536605835},"rotation":{"x":-0.11540437489748001,"y":-0.05004440248012543,"z":0.005821653176099062,"w":-0.9920409917831421},"size":1.9687306880950928,"orthographic":false}