{"cameraMode":{"drawMode":0,"name":"Shaded","section":"Shading Mode"},"sceneLighting":false,"audioPlay":false,"sceneViewState":{"showFog":true,"showMaterialUpdate":false,"showSkybox":false,"showFlares":true,"showImageEffects":true,"showParticleSystems":true},"in2DMode":false,"pivot":{"x":-0.949999988079071,"y":2.5899999141693117,"z":0.0},"rotation":{"x":-0.07374266535043717,"y":-0.0009004209423437715,"z":0.00006653786113020033,"w":-0.9972772598266602},"size":0.4330127239227295,"orthographic":false}