{"cameraMode":{"drawMode":0,"name":"Shaded","section":"Shading Mode"},"sceneLighting":true,"audioPlay":false,"sceneViewState":{"showFog":true,"showMaterialUpdate":false,"showSkybox":true,"showFlares":true,"showImageEffects":true,"showParticleSystems":true},"in2DMode":false,"pivot":{"x":-0.5779134631156921,"y":2.4199416637420656,"z":-0.007859742268919945},"rotation":{"x":0.4661094844341278,"y":0.10962602496147156,"z":-0.05833154171705246,"w":0.8759732246398926},"size":2.6612586975097658,"orthographic":false}