{"cameraMode":{"drawMode":0,"name":"Shaded","section":"Shading Mode"},"sceneLighting":true,"audioPlay":false,"sceneViewState":{"showFog":true,"showMaterialUpdate":false,"showSkybox":true,"showFlares":true,"showImageEffects":true,"showParticleSystems":true},"in2DMode":false,"pivot":{"x":494.6721496582031,"y":815.2882690429688,"z":-198.3494873046875},"rotation":{"x":0.11071804910898209,"y":0.03130118548870087,"z":-0.0034878842998296024,"w":0.9933574199676514},"size":182.4716796875,"orthographic":false}